{
    "elections": [
        {
            "name": "dc2019",
            "start_timestamp": 1557532800,
            "duration": 48,
            "races": {
                "best_ctf_team": [
{"name": "홍식당", "tally": 0.0},
{"name": "나만여자친구없어", "tally": 0.0},
{"name": "​", "tally": 0.0},
{"name": "...", "tally": 0.0},
{"name": ":(){:|:&};:", "tally": 0.0},
{"name": "??????", "tally": 0.0},
{"name": "$_GET[27]", "tally": 0.0},
{"name": "$TLDR$", "tally": 0.0},
{"name": "0.", "tally": 0.0},
{"name": "007mg", "tally": 0.0},
{"name": "0-bitadders", "tally": 0.0},
{"name": "0daysober", "tally": 0.0},
{"name": "0e85dc6eaf", "tally": 0.0},
{"name": "0FA", "tally": 0.0},
{"name": "0oo0", "tally": 0.0},
{"name": "0x01", "tally": 0.0},
{"name": "0x04731459", "tally": 0.0},
{"name": "0x55", "tally": 0.0},
{"name": "0x7F", "tally": 0.0},
{"name": "0xcafecafe", "tally": 0.0},
{"name": "0xf1f1", "tally": 0.0},
{"name": "0xhoavokhuyet", "tally": 0.0},
{"name": "0xNinja", "tally": 0.0},
{"name": "\\0xs3gF1t", "tally": 0.0},
{"name": "0xZ3V5", "tally": 0.0},
{"name": "127.0.0.1", "tally": 0.0},
{"name": "1337", "tally": 0.0},
{"name": "1337hub", "tally": 0.0},
{"name": "14M1R0NM4N", "tally": 0.0},
{"name": "1778-1985", "tally": 0.0},
{"name": "1cares", "tally": 0.0},
{"name": "1nv@l1d", "tally": 0.0},
{"name": "24295", "tally": 0.0},
{"name": "26D2", "tally": 0.0},
{"name": "2mr", "tally": 0.0},
{"name": "2ndTeam", "tally": 0.0},
{"name": "317MB/s", "tally": 0.0},
{"name": "31i73_73aM", "tally": 0.0},
{"name": "33e3393c59bed4a77cb2d2ec2cd80e13", "tally": 0.0},
{"name": "33kairu", "tally": 0.0},
{"name": "3agl3", "tally": 0.0},
{"name": "3idiots", "tally": 0.0},
{"name": "3xp10it5", "tally": 0.0},
{"name": "4C3", "tally": 0.0},
{"name": "4katsuk1", "tally": 0.0},
{"name": "5280", "tally": 0.0},
{"name": "53cur17y4f73rh0ur5", "tally": 0.0},
{"name": "5cs", "tally": 0.0},
{"name": "<5t1", "tally": 0.0},
{"name": "634no", "tally": 0.0},
{"name": "7.deadly.syns", "tally": 0.0},
{"name": "7elu", "tally": 0.0},
{"name": "7het", "tally": 0.0},
{"name": "7hetSECURITY", "tally": 0.0},
{"name": "8dreg", "tally": 0.0},
{"name": "[9]", "tally": 0.0},
{"name": "922", "tally": 0.0},
{"name": "A*0*E", "tally": 0.0},
{"name": "A80215", "tally": 0.0},
{"name": "aaa", "tally": 0.0},
{"name": "aaaqqq", "tally": 0.0},
{"name": "Abs0lut3Pwn4g3", "tally": 0.0},
{"name": "Accalmie", "tally": 0.0},
{"name": "acdwas", "tally": 0.0},
{"name": "ace", "tally": 0.0},
{"name": "AcidDrinkers", "tally": 0.0},
{"name": "ACMEPharm", "tally": 0.0},
{"name": "adasasda", "tally": 0.0},
{"name": "AdditionalPayphones", "tally": 0.0},
{"name": "Adeptus", "tally": 0.0},
{"name": "Malum", "tally": 0.0},
{"name": "admin'", "tally": 0.0},
{"name": "AdnanSlef", "tally": 0.0},
{"name": "aeg1s", "tally": 0.0},
{"name": "agend_team", "tally": 0.0},
{"name": "AgentZ", "tally": 0.0},
{"name": "ahenger", "tally": 0.0},
{"name": "alechkohack", "tally": 0.0},
{"name": "AlFaedah", "tally": 0.0},
{"name": "AllByMySelf", "tally": 0.0},
{"name": "alpha", "tally": 0.0},
{"name": "Alphagens", "tally": 0.0},
{"name": "am0r", "tally": 0.0},
{"name": "Ambition", "tally": 0.0},
{"name": "AMBUSH", "tally": 0.0},
{"name": "AncientDragons", "tally": 0.0},
{"name": "AngryInch", "tally": 0.0},
{"name": "angry", "tally": 0.0},
{"name": "nerds", "tally": 0.0},
{"name": "annstar", "tally": 0.0},
{"name": "anonym1ty", "tally": 0.0},
{"name": "Anonymous", "tally": 0.0},
{"name": "AnubisSec2", "tally": 0.0},
{"name": "anyupdates?", "tally": 0.0},
{"name": "AOD", "tally": 0.0},
{"name": "AoToI", "tally": 0.0},
{"name": "Aqua", "tally": 0.0},
{"name": "Aquin", "tally": 0.0},
{"name": "arcadia", "tally": 0.0},
{"name": "ARGOS", "tally": 0.0},
{"name": "ArmyTechTeam", "tally": 0.0},
{"name": "asd", "tally": 0.0},
{"name": "asdasd", "tally": 0.0},
{"name": "asdcxsd", "tally": 0.0},
{"name": "ASGama", "tally": 0.0},
{"name": "ash3r", "tally": 0.0},
{"name": "ASIS", "tally": 0.0},
{"name": "Assange’s", "tally": 0.0},
{"name": "Avengers", "tally": 0.0},
{"name": "Astrum", "tally": 0.0},
{"name": "ATT", "tally": 0.0},
{"name": "atuage132", "tally": 0.0},
{"name": "Auralis", "tally": 0.0},
{"name": "aus", "tally": 0.0},
{"name": "avoihjaotnadg", "tally": 0.0},
{"name": "b01lers", "tally": 0.0},
{"name": "B0ed4k_K4mp0e5", "tally": 0.0},
{"name": "B0NG0RE", "tally": 0.0},
{"name": "b0tchsec", "tally": 0.0},
{"name": "b0x00d", "tally": 0.0},
{"name": "b1cx", "tally": 0.0},
{"name": "B3bieSec", "tally": 0.0},
{"name": "B9", "tally": 0.0},
{"name": "ba55r0p", "tally": 0.0},
{"name": "babeface", "tally": 0.0},
{"name": "badfirmware", "tally": 0.0},
{"name": "BAH-Humbug", "tally": 0.0},
{"name": "BASHERS", "tally": 0.0},
{"name": "BatmansKitchen", "tally": 0.0},
{"name": "baton", "tally": 0.0},
{"name": "BawlSec", "tally": 0.0},
{"name": "beerpwn", "tally": 0.0},
{"name": "Beta_securiteam", "tally": 0.0},
{"name": "BetulkanBarisan", "tally": 0.0},
{"name": "bi0s", "tally": 0.0},
{"name": "Bigos_", "tally": 0.0},
{"name": "bigred", "tally": 0.0},
{"name": "binit", "tally": 0.0},
{"name": "binja", "tally": 0.0},
{"name": "BisonSquad", "tally": 0.0},
{"name": "biu", "tally": 0.0},
{"name": "bl4cksh33p", "tally": 0.0},
{"name": "Bl4sph3my", "tally": 0.0},
{"name": "black@0511", "tally": 0.0},
{"name": "BlackBird", "tally": 0.0},
{"name": "blackgem", "tally": 0.0},
{"name": "black_knight", "tally": 0.0},
{"name": "BlackMass", "tally": 0.0},
{"name": "BlackMirage", "tally": 0.0},
{"name": "Blackoolong", "tally": 0.0},
{"name": "blockchain878787", "tally": 0.0},
{"name": "Bloodhound", "tally": 0.0},
{"name": "Blue", "tally": 0.0},
{"name": "BlueDarkNut", "tally": 0.0},
{"name": "blue", "tally": 0.0},
{"name": "hens", "tally": 0.0},
{"name": "blueship", "tally": 0.0},
{"name": "BlueTree", "tally": 0.0},
{"name": "Blue-Whale", "tally": 0.0},
{"name": "bmo", "tally": 0.0},
{"name": "B@ngsiri", "tally": 0.0},
{"name": "bobdole", "tally": 0.0},
{"name": "bobgil", "tally": 0.0},
{"name": "BogoMips", "tally": 0.0},
{"name": "BokBok", "tally": 0.0},
{"name": "Boot_Lickers", "tally": 0.0},
{"name": "born2scan", "tally": 0.0},
{"name": "Brap", "tally": 0.0},
{"name": "brucel33t", "tally": 0.0},
{"name": "bsg", "tally": 0.0},
{"name": "BSLabs", "tally": 0.0},
{"name": "BTeam", "tally": 0.0},
{"name": "buffarreado", "tally": 0.0},
{"name": "BufferOverfloRida", "tally": 0.0},
{"name": "BugPredatorsGo", "tally": 0.0},
{"name": "Bushwhackers", "tally": 0.0},
{"name": "Butt3r_fly", "tally": 0.0},
{"name": "ButterOverflow", "tally": 0.0},
{"name": "buxule", "tally": 0.0},
{"name": "buzzyboiz", "tally": 0.0},
{"name": "ByteForc3", "tally": 0.0},
{"name": "c04tR4cK", "tally": 0.0},
{"name": "C0Br@", "tally": 0.0},
{"name": "c0d3", "tally": 0.0},
{"name": "c0r3dump", "tally": 0.0},
{"name": "C521", "tally": 0.0},
{"name": "CaliSec", "tally": 0.0},
{"name": "Can'tThinkofOne", "tally": 0.0},
{"name": "Cape", "tally": 0.0},
{"name": "CarrotSuitMen", "tally": 0.0},
{"name": "catblaster", "tally": 0.0},
{"name": "catchthecat", "tally": 0.0},
{"name": "catflag", "tally": 0.0},
{"name": "catpwn", "tally": 0.0},
{"name": "CAT-Security", "tally": 0.0},
{"name": "cax", "tally": 0.0},
{"name": "c|b", "tally": 0.0},
{"name": "cby234", "tally": 0.0},
{"name": "CC19_UniPi", "tally": 0.0},
{"name": "cccccc", "tally": 0.0},
{"name": "CCUG", "tally": 0.0},
{"name": "CGC", "tally": 0.0},
{"name": "chandu_kona", "tally": 0.0},
{"name": "chapipe", "tally": 0.0},
{"name": "Charlie", "tally": 0.0},
{"name": "CHQsg", "tally": 0.0},
{"name": "Chromatk", "tally": 0.0},
{"name": "Chuck", "tally": 0.0},
{"name": "chuck14", "tally": 0.0},
{"name": "ciao", "tally": 0.0},
{"name": "cl18", "tally": 0.0},
{"name": "clong13", "tally": 0.0},
{"name": "cloud_voidka", "tally": 0.0},
{"name": "club_penguin_money_team", "tally": 0.0},
{"name": "CMSTxNCCST", "tally": 0.0},
{"name": "CNSS", "tally": 0.0},
{"name": "cocochpie", "tally": 0.0},
{"name": "CoffeeTeaJuice", "tally": 0.0},
{"name": "Colorado=Security", "tally": 0.0},
{"name": "Contagion", "tally": 0.0},
{"name": "Contrail", "tally": 0.0},
{"name": "coolboyz", "tally": 0.0},
{"name": "CopiiDeLa402", "tally": 0.0},
{"name": "coredevlab", "tally": 0.0},
{"name": "CorpsTigrus", "tally": 0.0},
{"name": "CosmikFlagHunters", "tally": 0.0},
{"name": "cotds", "tally": 0.0},
{"name": "Count", "tally": 0.0},
{"name": "of", "tally": 0.0},
{"name": "Monte", "tally": 0.0},
{"name": "Crypto", "tally": 0.0},
{"name": "cr0mize", "tally": 0.0},
{"name": "Cr3sc3ndo", "tally": 0.0},
{"name": "credible", "tally": 0.0},
{"name": "crumbledwall", "tally": 0.0},
{"name": "csiescom", "tally": 0.0},
{"name": "CTD", "tally": 0.0},
{"name": "Elite", "tally": 0.0},
{"name": "ctfhawaii", "tally": 0.0},
{"name": "Cyb0rG", "tally": 0.0},
{"name": "Cyb3rBl4zers", "tally": 0.0},
{"name": "cyberhoos", "tally": 0.0},
{"name": "CyberMinds", "tally": 0.0},
{"name": "cyber_threat", "tally": 0.0},
{"name": "d00000000se", "tally": 0.0},
{"name": "D34D_FR13ND5", "tally": 0.0},
{"name": "d4rkc0d3", "tally": 0.0},
{"name": "dagegen", "tally": 0.0},
{"name": "DanglingPointers", "tally": 0.0},
{"name": "dani0104", "tally": 0.0},
{"name": "DannyLockard", "tally": 0.0},
{"name": "daolgts", "tally": 0.0},
{"name": "DarkArmy", "tally": 0.0},
{"name": "DarkCrawlers", "tally": 0.0},
{"name": "dark-lambda", "tally": 0.0},
{"name": "dark_n00b", "tally": 0.0},
{"name": "Dc1ph3R", "tally": 0.0},
{"name": "DC201", "tally": 0.0},
{"name": "DC614", "tally": 0.0},
{"name": "dcua", "tally": 0.0},
{"name": "ddd", "tally": 0.0},
{"name": "ddd428", "tally": 0.0},
{"name": "dddd", "tally": 0.0},
{"name": "DDOS_Attacks", "tally": 0.0},
{"name": "De1ta", "tally": 0.0},
{"name": "de4pon", "tally": 0.0},
{"name": "Deadlock_Team", "tally": 0.0},
{"name": "DeadSec", "tally": 0.0},
{"name": "DeadUnderflow", "tally": 0.0},
{"name": "Decepticons", "tally": 0.0},
{"name": "deets", "tally": 0.0},
{"name": "def4ult", "tally": 0.0},
{"name": "Defbra", "tally": 0.0},
{"name": "Defenit", "tally": 0.0},
{"name": "DENKOSEKKA", "tally": 0.0},
{"name": "DesertHillsHighSchool", "tally": 0.0},
{"name": "Desi_tux", "tally": 0.0},
{"name": "despacito", "tally": 0.0},
{"name": "DesperadoSec", "tally": 0.0},
{"name": "Despicables", "tally": 0.0},
{"name": "Detective6", "tally": 0.0},
{"name": "/dev/base", "tally": 0.0},
{"name": "Devilzzzzz", "tally": 0.0},
{"name": "/dev/null", "tally": 0.0},
{"name": "dex", "tally": 0.0},
{"name": "Dextrosity", "tally": 0.0},
{"name": "dianchia", "tally": 0.0},
{"name": "D.I.E", "tally": 0.0},
{"name": "DieLustigenTierwesen", "tally": 0.0},
{"name": "DigRev", "tally": 0.0},
{"name": "Dindaeng48", "tally": 0.0},
{"name": "DISC", "tally": 0.0},
{"name": "ditto", "tally": 0.0},
{"name": "Diver", "tally": 0.0},
{"name": "DividedByZ3ro", "tally": 0.0},
{"name": "Djavaa", "tally": 0.0},
{"name": "dnd", "tally": 0.0},
{"name": "DNF", "tally": 0.0},
{"name": "dobu", "tally": 0.0},
{"name": "doesntmatter", "tally": 0.0},
{"name": "Doku", "tally": 0.0},
{"name": "Dempa", "tally": 0.0},
{"name": "DoR", "tally": 0.0},
{"name": "dotsu", "tally": 0.0},
{"name": "dr3adl0cks", "tally": 0.0},
{"name": "dr4k0zhu", "tally": 0.0},
{"name": "Dragon_Sector", "tally": 0.0},
{"name": "DreamTeam", "tally": 0.0},
{"name": "Drunk", "tally": 0.0},
{"name": "Hacker", "tally": 0.0},
{"name": "DTUhax", "tally": 0.0},
{"name": "du5t", "tally": 0.0},
{"name": "DuckDuckNo", "tally": 0.0},
{"name": "dUNDER", "tally": 0.0},
{"name": "DUYEONG", "tally": 0.0},
{"name": "DwaT", "tally": 0.0},
{"name": "DynamicZone", "tally": 0.0},
{"name": "DynTs", "tally": 0.0},
{"name": "dzz", "tally": 0.0},
{"name": "EagleJump", "tally": 0.0},
{"name": "eatman", "tally": 0.0},
{"name": "efiens", "tally": 0.0},
{"name": "EHG", "tally": 0.0},
{"name": "elklepo", "tally": 0.0},
{"name": "ELT", "tally": 0.0},
{"name": "emissionAlone", "tally": 0.0},
{"name": "EmpireCr0wn", "tally": 0.0},
{"name": "Endgame3330", "tally": 0.0},
{"name": "Enigma207", "tally": 0.0},
{"name": "E", "tally": 0.0},
{"name": "power", "tally": 0.0},
{"name": "ER", "tally": 0.0},
{"name": "EVA", "tally": 0.0},
{"name": "EvilPotatoe", "tally": 0.0},
{"name": "evoA", "tally": 0.0},
{"name": "exitzero", "tally": 0.0},
{"name": "exzettabyte", "tally": 0.0},
{"name": "f0sst", "tally": 0.0},
{"name": "f1ash", "tally": 0.0},
{"name": "F4ckSoc1eTy", "tally": 0.0},
{"name": "fade-vivida", "tally": 0.0},
{"name": "fargate", "tally": 0.0},
{"name": "fearless", "tally": 0.0},
{"name": "fennec_1306", "tally": 0.0},
{"name": "fequalma", "tally": 0.0},
{"name": "Ficus", "tally": 0.0},
{"name": "FireShell", "tally": 0.0},
{"name": "FirstNightingale", "tally": 0.0},
{"name": "FiveTree", "tally": 0.0},
{"name": "fkillrra", "tally": 0.0},
{"name": "flagbot", "tally": 0.0},
{"name": "FLAGiarism", "tally": 0.0},
{"name": "FlakyBytes", "tally": 0.0},
{"name": "flashman", "tally": 0.0},
{"name": "fleshgarbs", "tally": 0.0},
{"name": "flexerilla", "tally": 0.0},
{"name": "FloppyDiskRepairSyndicate", "tally": 0.0},
{"name": "Flowbotta", "tally": 0.0},
{"name": "FluoRite", "tally": 0.0},
{"name": "Flying", "tally": 0.0},
{"name": "Monkeys", "tally": 0.0},
{"name": "ForgedRe@lity", "tally": 0.0},
{"name": "Foxes", "tally": 0.0},
{"name": "freestyle", "tally": 0.0},
{"name": "free_wifi", "tally": 0.0},
{"name": "frerrett", "tally": 0.0},
{"name": "friedmango11", "tally": 0.0},
{"name": "FrogyNudles", "tally": 0.0},
{"name": "FrugalFerrets", "tally": 0.0},
{"name": "FunkySoloTeam", "tally": 0.0},
{"name": "furi", "tally": 0.0},
{"name": "galhacktic-trendsetters", "tally": 0.0},
{"name": "GautamGreat", "tally": 0.0},
{"name": "GimSec", "tally": 0.0},
{"name": "Glonk", "tally": 0.0},
{"name": "gml", "tally": 0.0},
{"name": "GOBBLES", "tally": 0.0},
{"name": "godteam", "tally": 0.0},
{"name": "goldenpepe", "tally": 0.0},
{"name": "Golems_treat", "tally": 0.0},
{"name": "goo", "tally": 0.0},
{"name": "Gorb", "tally": 0.0},
{"name": "Gr00t4", "tally": 0.0},
{"name": "Gr3yW0lf", "tally": 0.0},
{"name": "GreenShell", "tally": 0.0},
{"name": "GreyHatSec", "tally": 0.0},
{"name": "gruf", "tally": 0.0},
{"name": "gtg7784", "tally": 0.0},
{"name": "Gyul", "tally": 0.0},
{"name": "h0ax", "tally": 0.0},
{"name": "H0gE_hOGE", "tally": 0.0},
{"name": "h1", "tally": 0.0},
{"name": "h4ck7u5", "tally": 0.0},
{"name": "h4nuko0n", "tally": 0.0},
{"name": "h4tchet", "tally": 0.0},
{"name": "HackademINT", "tally": 0.0},
{"name": "HackerFather", "tally": 0.0},
{"name": "HackingForSoju+Kainashi", "tally": 0.0},
{"name": "Hacking", "tally": 0.0},
{"name": "Minions", "tally": 0.0},
{"name": "Hackitects", "tally": 0.0},
{"name": "Hackoliques", "tally": 0.0},
{"name": "hackpack", "tally": 0.0},
{"name": "hackstreetboys", "tally": 0.0},
{"name": "Hamled", "tally": 0.0},
{"name": "hana", "tally": 0.0},
{"name": "hangry_nubz", "tally": 0.0},
{"name": "haoki", "tally": 0.0},
{"name": "harding", "tally": 0.0},
{"name": "Harekaze", "tally": 0.0},
{"name": "hashkitten", "tally": 0.0},
{"name": "HashSlingingHackers", "tally": 0.0},
{"name": "HATS_SG", "tally": 0.0},
{"name": "havefun", "tally": 0.0},
{"name": "Haxx4Jobz", "tally": 0.0},
{"name": "Haymarketers", "tally": 0.0},
{"name": "Hayyim_sec", "tally": 0.0},
{"name": "HBLLC", "tally": 0.0},
{"name": "hckyou", "tally": 0.0},
{"name": "Heaven_Hellpline", "tally": 0.0},
{"name": "hellofriendos", "tally": 0.0},
{"name": "henkert", "tally": 0.0},
{"name": "Herauld", "tally": 0.0},
{"name": "Higgins", "tally": 0.0},
{"name": "hexecute", "tally": 0.0},
{"name": "Hexpresso", "tally": 0.0},
{"name": "HFIUDOHN", "tally": 0.0},
{"name": "hiccup", "tally": 0.0},
{"name": "higgsb", "tally": 0.0},
{"name": "highker.wiki", "tally": 0.0},
{"name": "HIIIIIIIIII", "tally": 0.0},
{"name": "hime14", "tally": 0.0},
{"name": "HITCON⚔BFKinesiS", "tally": 0.0},
{"name": "hivectf", "tally": 0.0},
{"name": "hj", "tally": 0.0},
{"name": "HKUSTFirebird", "tally": 0.0},
{"name": "hngsma", "tally": 0.0},
{"name": "Honeypot", "tally": 0.0},
{"name": "hthh", "tally": 0.0},
{"name": "HTsPJunior", "tally": 0.0},
{"name": "hu2019sec", "tally": 0.0},
{"name": "Hungrycaterpillar", "tally": 0.0},
{"name": "hunter02", "tally": 0.0},
{"name": "hxp", "tally": 0.0},
{"name": "hyoom", "tally": 0.0},
{"name": "iambad", "tally": 0.0},
{"name": "ibb", "tally": 0.0},
{"name": "Icantthinkofanything", "tally": 0.0},
{"name": "icewall", "tally": 0.0},
{"name": "ID-10-T", "tally": 0.0},
{"name": "ID.3p0", "tally": 0.0},
{"name": "ids-TeamCC", "tally": 0.0},
{"name": "igrus", "tally": 0.0},
{"name": "I'm", "tally": 0.0},
{"name": "GGonna", "tally": 0.0},
{"name": "Inazo", "tally": 0.0},
{"name": "IndianTuesday", "tally": 0.0},
{"name": "InfoSecIITR", "tally": 0.0},
{"name": "InfoSec-VM", "tally": 0.0},
{"name": "IngloriousPwners", "tally": 0.0},
{"name": "Init", "tally": 0.0},
{"name": "5", "tally": 0.0},
{"name": "insu", "tally": 0.0},
{"name": "Invaders", "tally": 0.0},
{"name": "Invuls", "tally": 0.0},
{"name": "ipman", "tally": 0.0},
{"name": "irGeeks", "tally": 0.0},
{"name": "IrishBunnies", "tally": 0.0},
{"name": "isDebuggerPresent", "tally": 0.0},
{"name": "Isolation", "tally": 0.0},
{"name": "ivachyou", "tally": 0.0},
{"name": "iwnlToday", "tally": 0.0},
{"name": "jackdaw", "tally": 0.0},
{"name": "jalban", "tally": 0.0},
{"name": "jason3e7", "tally": 0.0},
{"name": "jed", "tally": 0.0},
{"name": "JeffStrongman", "tally": 0.0},
{"name": "JHDiscord", "tally": 0.0},
{"name": "Josch", "tally": 0.0},
{"name": "Judoggoz", "tally": 0.0},
{"name": "JustAnotherTeamName", "tally": 0.0},
{"name": "justforfun", "tally": 0.0},
{"name": "JustNotBob", "tally": 0.0},
{"name": "just_r0b", "tally": 0.0},
{"name": "JustTheTip", "tally": 0.0},
{"name": "just_wax", "tally": 0.0},
{"name": "k0koNutz", "tally": 0.0},
{"name": "kacker", "tally": 0.0},
{"name": "KaisHack", "tally": 0.0},
{"name": "GoN", "tally": 0.0},
{"name": "kakerz", "tally": 0.0},
{"name": "Kamneezhka", "tally": 0.0},
{"name": "kanbedon", "tally": 0.0},
{"name": "kangshifu", "tally": 0.0},
{"name": "karabunkel", "tally": 0.0},
{"name": "karmasutra", "tally": 0.0},
{"name": "kata", "tally": 0.0},
{"name": "katagaitai", "tally": 0.0},
{"name": "KATE", "tally": 0.0},
{"name": "kebabland", "tally": 0.0},
{"name": "KEEPER", "tally": 0.0},
{"name": "Kein~Witz", "tally": 0.0},
{"name": "keisentraut", "tally": 0.0},
{"name": "ker", "tally": 0.0},
{"name": "khra", "tally": 0.0},
{"name": "kiiro", "tally": 0.0},
{"name": "Killaz", "tally": 0.0},
{"name": "killthem", "tally": 0.0},
{"name": "Kimchi.TwerkBomb", "tally": 0.0},
{"name": "kimchivipers", "tally": 0.0},
{"name": "KIMS", "tally": 0.0},
{"name": "KingSGodCDuP", "tally": 0.0},
{"name": "kingthefu1234", "tally": 0.0},
{"name": "kisshood", "tally": 0.0},
{"name": "KL0N14", "tally": 0.0},
{"name": "Klecko", "tally": 0.0},
{"name": "KMYD", "tally": 0.0},
{"name": "kn0ck_raycp", "tally": 0.0},
{"name": "Knobbelkesvlaai", "tally": 0.0},
{"name": "KonungarnirFróðleikar", "tally": 0.0},
{"name": "KoreanGang", "tally": 0.0},
{"name": "KorNewbie", "tally": 0.0},
{"name": "kosh", "tally": 0.0},
{"name": "KOTL", "tally": 0.0},
{"name": "kristapsc", "tally": 0.0},
{"name": "KS", "tally": 0.0},
{"name": "Kuality", "tally": 0.0},
{"name": "KUDoS", "tally": 0.0},
{"name": "KUICS", "tally": 0.0},
{"name": "KuK", "tally": 0.0},
{"name": "Hofhackerei", "tally": 0.0},
{"name": "KyudaiKlab", "tally": 0.0},
{"name": "L", "tally": 0.0},
{"name": "L0n3r", "tally": 0.0},
{"name": "L3G1ON_Of_DooM", "tally": 0.0},
{"name": "Lab104", "tally": 0.0},
{"name": "lager", "tally": 0.0},
{"name": "lalala", "tally": 0.0},
{"name": "LazyDucks", "tally": 0.0},
{"name": "LC", "tally": 0.0},
{"name": "LC↯BC", "tally": 0.0},
{"name": "ld3k0fv", "tally": 0.0},
{"name": "Legend", "tally": 0.0},
{"name": "les_hommes_de_la_confrérie_du_lièvre", "tally": 0.0},
{"name": "LHAUrdCTF", "tally": 0.0},
{"name": "LHCZJ", "tally": 0.0},
{"name": "lihuaiqiu", "tally": 0.0},
{"name": "Lilyfriends", "tally": 0.0},
{"name": "Lin_Chiyou", "tally": 0.0},
{"name": "LiquidLemon", "tally": 0.0},
{"name": "LiUhack", "tally": 0.0},
{"name": "ll", "tally": 0.0},
{"name": "lmxs", "tally": 0.0},
{"name": "logicalguru", "tally": 0.0},
{"name": "lolwut", "tally": 0.0},
{"name": "LonelyHackers", "tally": 0.0},
{"name": "lowprvishighhopes", "tally": 0.0},
{"name": "LSESec", "tally": 0.0},
{"name": "LUCTF", "tally": 0.0},
{"name": "Lunarantic", "tally": 0.0},
{"name": "Lurchis", "tally": 0.0},
{"name": "Lurkrul", "tally": 0.0},
{"name": "LYL", "tally": 0.0},
{"name": "M01N", "tally": 0.0},
{"name": "M1n", "tally": 0.0},
{"name": "m1z0r3", "tally": 0.0},
{"name": "m30w30w", "tally": 0.0},
{"name": "m4dz", "tally": 0.0},
{"name": "m53c", "tally": 0.0},
{"name": "MadeInCatArmy", "tally": 0.0},
{"name": "MadHat", "tally": 0.0},
{"name": "mahusername", "tally": 0.0},
{"name": "Mao", "tally": 0.0},
{"name": "MapleBacon", "tally": 0.0},
{"name": "marshmallowcalpis", "tally": 0.0},
{"name": "MaSAL", "tally": 0.0},
{"name": "matsuko", "tally": 0.0},
{"name": "Mayas", "tally": 0.0},
{"name": "Mayhem-Project", "tally": 0.0},
{"name": "Mazala", "tally": 0.0},
{"name": "mbr", "tally": 0.0},
{"name": "MCCT1", "tally": 0.0},
{"name": "meal1", "tally": 0.0},
{"name": "meltdown", "tally": 0.0},
{"name": "memadm", "tally": 0.0},
{"name": "mememe", "tally": 0.0},
{"name": "merCuriuS", "tally": 0.0},
{"name": "MetaruUpa", "tally": 0.0},
{"name": "MEVIUS", "tally": 0.0},
{"name": "mhackeroni", "tally": 0.0},
{"name": "MhackGyver", "tally": 0.0},
{"name": "midnight918", "tally": 0.0},
{"name": "mikoan", "tally": 0.0},
{"name": "Mile_backwards", "tally": 0.0},
{"name": "minami", "tally": 0.0},
{"name": "MLPWN", "tally": 0.0},
{"name": "mlr0p2", "tally": 0.0},
{"name": "MMM", "tally": 0.0},
{"name": "M!n!0ns", "tally": 0.0},
{"name": "mnemonic", "tally": 0.0},
{"name": "mochazz", "tally": 0.0},
{"name": "mochigoma", "tally": 0.0},
{"name": "mode13h", "tally": 0.0},
{"name": "#MongolianEmpire", "tally": 0.0},
{"name": "Monhack", "tally": 0.0},
{"name": "mooks", "tally": 0.0},
{"name": "mostik", "tally": 0.0},
{"name": "MPGA", "tally": 0.0},
{"name": "mrpwn3r", "tally": 0.0},
{"name": "MrSeth", "tally": 0.0},
{"name": "ms7821", "tally": 0.0},
{"name": "MSCS2018", "tally": 0.0},
{"name": "MTA525", "tally": 0.0},
{"name": "muranchu", "tally": 0.0},
{"name": "N00bG3m", "tally": 0.0},
{"name": "N00bN00b", "tally": 0.0},
{"name": "n00bs4pwn", "tally": 0.0},
{"name": "n00bsRus", "tally": 0.0},
{"name": "#n00bt34m.nl", "tally": 0.0},
{"name": "n0n3", "tally": 0.0},
{"name": "N0p3_!", "tally": 0.0},
{"name": "n0_pwn1c", "tally": 0.0},
{"name": "n132", "tally": 0.0},
{"name": "n1bb4s", "tally": 0.0},
{"name": "N1ce", "tally": 0.0},
{"name": "n3il0n", "tally": 0.0},
{"name": "NaijaSecFoce", "tally": 0.0},
{"name": "name", "tally": 0.0},
{"name": "left", "tally": 0.0},
{"name": "as", "tally": 0.0},
{"name": "an", "tally": 0.0},
{"name": "exercise", "tally": 0.0},
{"name": "to", "tally": 0.0},
{"name": "the", "tally": 0.0},
{"name": "reader", "tally": 0.0},
{"name": "nanocomp", "tally": 0.0},
{"name": "NarrowTeam", "tally": 0.0},
{"name": "NASA_Rejects", "tally": 0.0},
{"name": "navigator", "tally": 0.0},
{"name": "NBL", "tally": 0.0},
{"name": "NCoalition", "tally": 0.0},
{"name": "Ne0Lux-C1Ph3r", "tally": 0.0},
{"name": "Neg9", "tally": 0.0},
{"name": "nek0c", "tally": 0.0},
{"name": "nekosan_team", "tally": 0.0},
{"name": "Nerdform's", "tally": 0.0},
{"name": "Crew", "tally": 0.0},
{"name": "Nerds_of_Mayhem", "tally": 0.0},
{"name": "nerfBastion", "tally": 0.0},
{"name": "Net_Runners", "tally": 0.0},
{"name": "Never", "tally": 0.0},
{"name": "Stop", "tally": 0.0},
{"name": "Exploiting", "tally": 0.0},
{"name": "NewBie", "tally": 0.0},
{"name": "Newbie_2k", "tally": 0.0},
{"name": "New@nes", "tally": 0.0},
{"name": "NEX", "tally": 0.0},
{"name": "NEX.", "tally": 0.0},
{"name": "Nightmare", "tally": 0.0},
{"name": "Mechasheep", "tally": 0.0},
{"name": "Nine_Inch_Males", "tally": 0.0},
{"name": "NIS", "tally": 0.0},
{"name": "nitrow", "tally": 0.0},
{"name": "NLNS", "tally": 0.0},
{"name": "noar", "tally": 0.0},
{"name": "Nobody33333331", "tally": 0.0},
{"name": "noctis_lucis", "tally": 0.0},
{"name": "nocyoursocoff", "tally": 0.0},
{"name": "noidea", "tally": 0.0},
{"name": "NoM", "tally": 0.0},
{"name": "nomi_lab", "tally": 0.0},
{"name": "nonoonb", "tally": 0.0},
{"name": "noob_overflow", "tally": 0.0},
{"name": "NOPS", "tally": 0.0},
{"name": "NoPwn", "tally": 0.0},
{"name": "noraneco", "tally": 0.0},
{"name": "normies_reeeee", "tally": 0.0},
{"name": "NotATeam", "tally": 0.0},
{"name": "NotC", "tally": 0.0},
{"name": "Not_C0ps", "tally": 0.0},
{"name": "notjagan", "tally": 0.0},
{"name": "NR", "tally": 0.0},
{"name": "nu117r4c3", "tally": 0.0},
{"name": "NUCL3@R", "tally": 0.0},
{"name": "null123", "tally": 0.0},
{"name": "null2root", "tally": 0.0},
{"name": "Nullergris", "tally": 0.0},
{"name": "Nupakachi", "tally": 0.0},
{"name": "NUSecLab", "tally": 0.0},
{"name": "nword", "tally": 0.0},
{"name": "NYUSEC", "tally": 0.0},
{"name": "occulteast", "tally": 0.0},
{"name": "oham", "tally": 0.0},
{"name": "ohno", "tally": 0.0},
{"name": "ohsobla", "tally": 0.0},
{"name": "oldman", "tally": 0.0},
{"name": "oloS", "tally": 0.0},
{"name": "Omelette216", "tally": 0.0},
{"name": "oned4", "tally": 0.0},
{"name": "Oneirologists", "tally": 0.0},
{"name": "OneManBand", "tally": 0.0},
{"name": "onotch", "tally": 0.0},
{"name": "OpenBlue", "tally": 0.0},
{"name": "OrderOfShadows", "tally": 0.0},
{"name": "Origin", "tally": 0.0},
{"name": "OSUSEC", "tally": 0.0},
{"name": "Otera", "tally": 0.0},
{"name": "OTIST", "tally": 0.0},
{"name": "OutDoorFrog", "tally": 0.0},
{"name": "outOfCheese", "tally": 0.0},
{"name": "OvenSec", "tally": 0.0},
{"name": "overnight_", "tally": 0.0},
{"name": "oxym", "tally": 0.0},
{"name": "p014ri5", "tally": 0.0},
{"name": "P01TERGEIST", "tally": 0.0},
{"name": "P1RH4N4", "tally": 0.0},
{"name": "p4", "tally": 0.0},
{"name": "P4CC", "tally": 0.0},
{"name": "p4inter", "tally": 0.0},
{"name": "p4snet0", "tally": 0.0},
{"name": "p4ulpwns", "tally": 0.0},
{"name": "Pandemic", "tally": 0.0},
{"name": "pastabase64+1", "tally": 0.0},
{"name": "pasten", "tally": 0.0},
{"name": "pattern", "tally": 0.0},
{"name": "PDKT", "tally": 0.0},
{"name": "PeaceMakers", "tally": 0.0},
{"name": "Peaky", "tally": 0.0},
{"name": "Blinders", "tally": 0.0},
{"name": "pearl", "tally": 0.0},
{"name": "PelarianCP", "tally": 0.0},
{"name": "PEPE_B0YZ", "tally": 0.0},
{"name": "PetCatGetFlag", "tally": 0.0},
{"name": "PeterPanTest", "tally": 0.0},
{"name": "PetirCySec", "tally": 0.0},
{"name": "P@Ge2mE", "tally": 0.0},
{"name": "Ph0en1x", "tally": 0.0},
{"name": "Ph3cda", "tally": 0.0},
{"name": "PickASea", "tally": 0.0},
{"name": "pikapika", "tally": 0.0},
{"name": "pImplM", "tally": 0.0},
{"name": "Ping-Mic", "tally": 0.0},
{"name": "PinkFluffyUnicorns", "tally": 0.0},
{"name": "piyo", "tally": 0.0},
{"name": "pk4", "tally": 0.0},
{"name": "P.L.", "tally": 0.0},
{"name": "PlayFair2k19", "tally": 0.0},
{"name": "Plumbus", "tally": 0.0},
{"name": "pnuts", "tally": 0.0},
{"name": "Polar", "tally": 0.0},
{"name": "Bear", "tally": 0.0},
{"name": "Hacking", "tally": 0.0},
{"name": "Group", "tally": 0.0},
{"name": "polish_space_program", "tally": 0.0},
{"name": "PororoJoa", "tally": 0.0},
{"name": "posix", "tally": 0.0},
{"name": "PotBelliedGoblinVampires", "tally": 0.0},
{"name": "Powerco3e_LCH", "tally": 0.0},
{"name": "PPP", "tally": 0.0},
{"name": "pppppp", "tally": 0.0},
{"name": "PristineinfoSolutions_01", "tally": 0.0},
{"name": "pronoia", "tally": 0.0},
{"name": "proofdog", "tally": 0.0},
{"name": "PsychoticHackers", "tally": 0.0},
{"name": "PublicEnemies", "tally": 0.0},
{"name": "puingpuing", "tally": 0.0},
{"name": "PukPuk", "tally": 0.0},
{"name": "PwnaSonic", "tally": 0.0},
{"name": "Pwnies", "tally": 0.0},
{"name": "Pwninsula", "tally": 0.0},
{"name": "Pwnium", "tally": 0.0},
{"name": "pwnmob", "tally": 0.0},
{"name": "pwnPHOfun", "tally": 0.0},
{"name": "PwnThyBytes", "tally": 0.0},
{"name": "PwsecTeam", "tally": 0.0},
{"name": "PYCC", "tally": 0.0},
{"name": "Qua$aac", "tally": 0.0},
{"name": "QultoftheQuantumQapybara", "tally": 0.0},
{"name": "QultoftheQuantumQow", "tally": 0.0},
{"name": "quriosity", "tally": 0.0},
{"name": "qw37099", "tally": 0.0},
{"name": "qweqwe", "tally": 0.0},
{"name": "r00timentary", "tally": 0.0},
{"name": "r00tm0nt", "tally": 0.0},
{"name": "r3dH4t", "tally": 0.0},
{"name": "r3kapig", "tally": 0.0},
{"name": "r3p347", "tally": 0.0},
{"name": "Radar", "tally": 0.0},
{"name": "Rah", "tally": 0.0},
{"name": "RareInputs", "tally": 0.0},
{"name": "RATF", "tally": 0.0},
{"name": "raxkson", "tally": 0.0},
{"name": "Rce", "tally": 0.0},
{"name": "rchpecr", "tally": 0.0},
{"name": "rd3", "tally": 0.0},
{"name": "real0ne", "tally": 0.0},
{"name": "reasonably_suspicious_activity", "tally": 0.0},
{"name": "Recursion", "tally": 0.0},
{"name": "Fairies", "tally": 0.0},
{"name": "Red", "tally": 0.0},
{"name": "Cadets", "tally": 0.0},
{"name": "redpwn", "tally": 0.0},
{"name": "reg", "tally": 0.0},
{"name": "Repby", "tally": 0.0},
{"name": "RETCHAK", "tally": 0.0},
{"name": "Revengers", "tally": 0.0},
{"name": "ReverseiT2", "tally": 0.0},
{"name": "RGTCyberz", "tally": 0.0},
{"name": "Rhaestar", "tally": 0.0},
{"name": "RiceSec(ButActually,TheOtherOneBroke)", "tally": 0.0},
{"name": "rinakkusu", "tally": 0.0},
{"name": "RingO", "tally": 0.0},
{"name": "Ripp3rs", "tally": 0.0},
{"name": "RISCinit", "tally": 0.0},
{"name": "RJ", "tally": 0.0},
{"name": "robotWarning", "tally": 0.0},
{"name": "ROKN", "tally": 0.0},
{"name": "RootCoz", "tally": 0.0},
{"name": "rootmi", "tally": 0.0},
{"name": "Rorschach", "tally": 0.0},
{"name": "RPISEC", "tally": 0.0},
{"name": "RSAturday", "tally": 0.0},
{"name": "RSK", "tally": 0.0},
{"name": "Rt34m", "tally": 0.0},
{"name": "RunCMD", "tally": 0.0},
{"name": "./run.sh", "tally": 0.0},
{"name": "rutrack", "tally": 0.0},
{"name": "Ryan", "tally": 0.0},
{"name": "ryuji", "tally": 0.0},
{"name": "s0ra", "tally": 0.0},
{"name": "s11", "tally": 0.0},
{"name": "s4i", "tally": 0.0},
{"name": "saarsec", "tally": 0.0},
{"name": "sababa", "tally": 0.0},
{"name": "sadmin", "tally": 0.0},
{"name": "sadRobots", "tally": 0.0},
{"name": "Sagami", "tally": 0.0},
{"name": "Sample2448", "tally": 0.0},
{"name": "Samurai", "tally": 0.0},
{"name": "santojo", "tally": 0.0},
{"name": "saraguru50", "tally": 0.0},
{"name": "satellite-smashers", "tally": 0.0},
{"name": "SatpamSec", "tally": 0.0},
{"name": "Sauercloud", "tally": 0.0},
{"name": "ScarletMagic", "tally": 0.0},
{"name": "ScrambledTexas", "tally": 0.0},
{"name": "Script_kiddies", "tally": 0.0},
{"name": "SCSHT", "tally": 0.0},
{"name": "SealTeam1", "tally": 0.0},
{"name": "secrapt0rex", "tally": 0.0},
{"name": "secsession", "tally": 0.0},
{"name": "Secsi", "tally": 0.0},
{"name": "secthreat", "tally": 0.0},
{"name": "securisecctf", "tally": 0.0},
{"name": "SecurityFactorial", "tally": 0.0},
{"name": "SecurityFirst", "tally": 0.0},
{"name": "SemCert", "tally": 0.0},
{"name": "SeoulPlusBadAss", "tally": 0.0},
{"name": "sf", "tally": 0.0},
{"name": "SGW", "tally": 0.0},
{"name": "_sh1v4", "tally": 0.0},
{"name": "SH33P", "tally": 0.0},
{"name": "Shadow", "tally": 0.0},
{"name": "Servants", "tally": 0.0},
{"name": "Shallow-Fried_Soy_Winter_Vegetables", "tally": 0.0},
{"name": "SharLike", "tally": 0.0},
{"name": "ShBrEu", "tally": 0.0},
{"name": "SheldonTheConqueror", "tally": 0.0},
{"name": "ShellCollectingClub", "tally": 0.0},
{"name": "Shellphish", "tally": 0.0},
{"name": "SHELLpwn", "tally": 0.0},
{"name": "shellrippers", "tally": 0.0},
{"name": "shengun", "tally": 0.0},
{"name": "shh0ya", "tally": 0.0},
{"name": "shiamail", "tally": 0.0},
{"name": "shiga2000", "tally": 0.0},
{"name": "shinobi", "tally": 0.0},
{"name": "shox", "tally": 0.0},
{"name": "SiBears", "tally": 0.0},
{"name": "since2017", "tally": 0.0},
{"name": "Situational_Intelligence", "tally": 0.0},
{"name": "sky", "tally": 0.0},
{"name": "Slayers", "tally": 0.0},
{"name": "of", "tally": 0.0},
{"name": "the", "tally": 0.0},
{"name": "Bourgeoisie", "tally": 0.0},
{"name": "SmartPidgeons", "tally": 0.0},
{"name": "SmithFourSix$46", "tally": 0.0},
{"name": "snwflwer", "tally": 0.0},
{"name": "soko", "tally": 0.0},
{"name": "SoloDolo", "tally": 0.0},
{"name": "solo_ninja", "tally": 0.0},
{"name": "soolidsnake", "tally": 0.0},
{"name": "Sosisochki", "tally": 0.0},
{"name": "soudainakeikaku", "tally": 0.0},
{"name": "soulctf", "tally": 0.0},
{"name": "[SPbCTF]", "tally": 0.0},
{"name": "Holy", "tally": 0.0},
{"name": "Empire", "tally": 0.0},
{"name": "spenaro_t", "tally": 0.0},
{"name": "splitline", "tally": 0.0},
{"name": "spookies", "tally": 0.0},
{"name": "SpySheriff", "tally": 0.0},
{"name": "srikavin", "tally": 0.0},
{"name": "SSAT", "tally": 0.0},
{"name": "sSomeday", "tally": 0.0},
{"name": "ssss", "tally": 0.0},
{"name": "st4rbuucks", "tally": 0.0},
{"name": "Stack", "tally": 0.0},
{"name": "Stage-1", "tally": 0.0},
{"name": "stan1337", "tally": 0.0},
{"name": "stankc", "tally": 0.0},
{"name": "StarrySky", "tally": 0.0},
{"name": "stazot", "tally": 0.0},
{"name": "STD", "tally": 0.0},
{"name": "@steak", "tally": 0.0},
{"name": "Steamloco", "tally": 0.0},
{"name": "STHS", "tally": 0.0},
{"name": "stitehodig", "tally": 0.0},
{"name": "stkysk", "tally": 0.0},
{"name": "sto4mbr3ak3rs", "tally": 0.0},
{"name": "stratoteam", "tally": 0.0},
{"name": "SU", "tally": 0.0},
{"name": "Sudo_root", "tally": 0.0},
{"name": "summa", "tally": 0.0},
{"name": "sunny_place", "tally": 0.0},
{"name": "SuperGozolKimchi", "tally": 0.0},
{"name": "sus\\0", "tally": 0.0},
{"name": "SWAT-T", "tally": 0.0},
{"name": "swt02026", "tally": 0.0},
{"name": "sylv3on", "tally": 0.0},
{"name": "System87", "tally": 0.0},
{"name": "Sy_Zer\\0", "tally": 0.0},
{"name": "t00lpns", "tally": 0.0},
{"name": "t1", "tally": 0.0},
{"name": "t33", "tally": 0.0},
{"name": "T35H", "tally": 0.0},
{"name": "T3kB0ts", "tally": 0.0},
{"name": "t3st", "tally": 0.0},
{"name": "tahsec", "tally": 0.0},
{"name": "Tasteless", "tally": 0.0},
{"name": "TBD", "tally": 0.0},
{"name": "TCU1", "tally": 0.0},
{"name": "TDA", "tally": 0.0},
{"name": "Tea", "tally": 0.0},
{"name": "Deliverers", "tally": 0.0},
{"name": "team8", "tally": 0.0},
{"name": "TeamA0V3R", "tally": 0.0},
{"name": "Team", "tally": 0.0},
{"name": "Bagel", "tally": 0.0},
{"name": "TeamBaguette", "tally": 0.0},
{"name": "TeamCOIS", "tally": 0.0},
{"name": "Team", "tally": 0.0},
{"name": "Enu", "tally": 0.0},
{"name": "TeamGarbage", "tally": 0.0},
{"name": "TeamHenk", "tally": 0.0},
{"name": "Team_Iñak1", "tally": 0.0},
{"name": "TeamInfinity", "tally": 0.0},
{"name": "Team_M", "tally": 0.0},
{"name": "TeamMeowMeow", "tally": 0.0},
{"name": "teamNeuf", "tally": 0.0},
{"name": "teamone", "tally": 0.0},
{"name": "TeamRocketIst", "tally": 0.0},
{"name": "team-rootmi", "tally": 0.0},
{"name": "teamsack", "tally": 0.0},
{"name": "TeamSnacc2", "tally": 0.0},
{"name": "TeamSolarSunrise", "tally": 0.0},
{"name": "technic", "tally": 0.0},
{"name": "Telepathetic", "tally": 0.0},
{"name": "tempest", "tally": 0.0},
{"name": "Ten*48", "tally": 0.0},
{"name": "tererets", "tally": 0.0},
{"name": "test3", "tally": 0.0},
{"name": "testteam", "tally": 0.0},
{"name": "Test_team_please_ignore", "tally": 0.0},
{"name": "Th3C0d3", "tally": 0.0},
{"name": "The5thOctet", "tally": 0.0},
{"name": "TheBreachBoys", "tally": 0.0},
{"name": "TheCitadel", "tally": 0.0},
{"name": "TheElcorAmbassador", "tally": 0.0},
{"name": "theheavyhorse", "tally": 0.0},
{"name": "TheInternetExplorerers", "tally": 0.0},
{"name": "The", "tally": 0.0},
{"name": "Joeys", "tally": 0.0},
{"name": "TheKrustyKrab", "tally": 0.0},
{"name": "thelonehacker", "tally": 0.0},
{"name": "The_Rox", "tally": 0.0},
{"name": "TheR@TPack", "tally": 0.0},
{"name": "TheScientists", "tally": 0.0},
{"name": "TheSheriff", "tally": 0.0},
{"name": "TheSniper6", "tally": 0.0},
{"name": "TheSquad", "tally": 0.0},
{"name": "TheWindWarriors", "tally": 0.0},
{"name": "ThomasNamesTema", "tally": 0.0},
{"name": "ThreatLevelMidnight", "tally": 0.0},
{"name": "tinmin", "tally": 0.0},
{"name": "TitaniumBeagle", "tally": 0.0},
{"name": "tkmk", "tally": 0.0},
{"name": "TLDR", "tally": 0.0},
{"name": "TokyoWesterns", "tally": 0.0},
{"name": "TopWing", "tally": 0.0},
{"name": "tourpran", "tally": 0.0},
{"name": "Transrights", "tally": 0.0},
{"name": "TrashPandas", "tally": 0.0},
{"name": "traveler", "tally": 0.0},
{"name": "triaxiomsec", "tally": 0.0},
{"name": "triginta", "tally": 0.0},
{"name": "Trinity", "tally": 0.0},
{"name": "Trium", "tally": 0.0},
{"name": "TroyPartyHorse", "tally": 0.0},
{"name": "trust_freshman", "tally": 0.0},
{"name": "tryinmybest", "tally": 0.0},
{"name": "t-series", "tally": 0.0},
{"name": "TSG", "tally": 0.0},
{"name": "tts", "tally": 0.0},
{"name": "TU6PM", "tally": 0.0},
{"name": "TUR{KEY}", "tally": 0.0},
{"name": "TwE", "tally": 0.0},
{"name": "TWN", "tally": 0.0},
{"name": "tycko", "tally": 0.0},
{"name": "tylso", "tally": 0.0},
{"name": "tyltyl", "tally": 0.0},
{"name": "uid_0s", "tally": 0.0},
{"name": "Uint32_t", "tally": 0.0},
{"name": "UiO-CTF", "tally": 0.0},
{"name": "UlisseLabBO", "tally": 0.0},
{"name": "+Ultra", "tally": 0.0},
{"name": "unickgod", "tally": 0.0},
{"name": "UniPWN", "tally": 0.0},
{"name": "Unit5280", "tally": 0.0},
{"name": "unknown", "tally": 0.0},
{"name": "UnKnoWnCheaTs", "tally": 0.0},
{"name": "UnknownHats", "tally": 0.0},
{"name": "uomisc1", "tally": 0.0},
{"name": "/upb/hack", "tally": 0.0},
{"name": "UrlNo", "tally": 0.0},
{"name": "usdaproved", "tally": 0.0},
{"name": "USK", "tally": 0.0},
{"name": "var_undefined", "tally": 0.0},
{"name": "VD", "tally": 0.0},
{"name": "VeganZombies", "tally": 0.0},
{"name": "VeSalat", "tally": 0.0},
{"name": "VetSec", "tally": 0.0},
{"name": "ViaRézo", "tally": 0.0},
{"name": "Vidar-Team", "tally": 0.0},
{"name": "VND0ng", "tally": 0.0},
{"name": "VoidArmy", "tally": 0.0},
{"name": "W0lfD3n", "tally": 0.0},
{"name": "w0ooo", "tally": 0.0},
{"name": "w33t34m", "tally": 0.0},
{"name": "wabisabi", "tally": 0.0},
{"name": "wac", "tally": 0.0},
{"name": "walkerfuz", "tally": 0.0},
{"name": "Wani", "tally": 0.0},
{"name": "Hackase", "tally": 0.0},
{"name": "warlock_rootx", "tally": 0.0},
{"name": "wasamusume", "tally": 0.0},
{"name": "wasd", "tally": 0.0},
{"name": "wawawa", "tally": 0.0},
{"name": "webcult", "tally": 0.0},
{"name": "Well📡", "tally": 0.0},
{"name": "WFTC", "tally": 0.0},
{"name": "Wh0_l5_T1S3E", "tally": 0.0},
{"name": "Wh4lter", "tally": 0.0},
{"name": "what3v3r", "tally": 0.0},
{"name": "WhatTheShell?", "tally": 0.0},
{"name": "whitecats", "tally": 0.0},
{"name": "WhiteLeopard", "tally": 0.0},
{"name": "Whitzard", "tally": 0.0},
{"name": "wintltr", "tally": 0.0},
{"name": "wiredghost", "tally": 0.0},
{"name": "WizardsOfLogica", "tally": 0.0},
{"name": "W&M", "tally": 0.0},
{"name": "woopz", "tally": 0.0},
{"name": "Wpsec", "tally": 0.0},
{"name": "WR", "tally": 0.0},
{"name": "wr47h", "tally": 0.0},
{"name": "ws1004", "tally": 0.0},
{"name": "wtfdefcon", "tally": 0.0},
{"name": "wulaaa", "tally": 0.0},
{"name": "Wunderleth", "tally": 0.0},
{"name": "WWUB", "tally": 0.0},
{"name": "x0rc3r3rs", "tally": 0.0},
{"name": "X1cT34m", "tally": 0.0},
{"name": "X1cT34m.", "tally": 0.0},
{"name": "xdxd", "tally": 0.0},
{"name": "Xp0int", "tally": 0.0},
{"name": "xrzhev", "tally": 0.0},
{"name": "xSTT", "tally": 0.0},
{"name": "y00tn4", "tally": 0.0},
{"name": "y0d31", "tally": 0.0},
{"name": "Yamagi.com", "tally": 0.0},
{"name": "yayy_aslr", "tally": 0.0},
{"name": "yh4y4sh1", "tally": 0.0},
{"name": "YOKARO-MON", "tally": 0.0},
{"name": "YoungPwnawans", "tally": 0.0},
{"name": "y-tkt", "tally": 0.0},
{"name": "yufisher", "tally": 0.0},
{"name": "YumYum", "tally": 0.0},
{"name": "z0na", "tally": 0.0},
{"name": "z1mzam", "tally": 0.0},
{"name": "Zanie", "tally": 0.0},
{"name": "Zemows_Industries", "tally": 0.0},
{"name": "ZenHack", "tally": 0.0},
{"name": "ZeroFlagsInc", "tally": 0.0},
{"name": "zeros", "tally": 0.0},
{"name": "zgjx6", "tally": 0.0},
{"name": "ZhaW8", "tally": 0.0},
{"name": "zhsh", "tally": 0.0},
{"name": "zzz", "tally": 0.0},
{"name": "Бямбадалай", "tally": 0.0},
{"name": "ВuffЄГОverҒlow1", "tally": 0.0},
{"name": "¯\\_(ツ)_/¯", "tally": 0.0},
{"name": "晴雯晴雯", "tally": 0.0},
{"name": "苍海WraINd", "tally": 0.0}
                ]
            }
        }
    ]
}
